<?xml version="1.0" encoding="UTF-8"?><?xml-stylesheet type='text/xsl' href='_UpgradeReport_Files/UpgradeReport.xslt'?><UpgradeLog>
<Properties><Property Name="Solution" Value="wcpp_vc9_projects">
</Property><Property Name="解决方案文件" Value="D:\xk_doc\develop\cplusplus\wcpp.svn\trunk\tools\wcpp_vc9_projects\wcpp_vc9_projects.sln">
</Property><Property Name="Date" Value="2009年7月30日">
</Property><Property Name="Time" Value="22:55">
</Property></Properties><Event ErrorLevel="1" Project="lib.ids" Source="lib.ids\lib.ids.vcproj" Description="此应用程序已更新，包含了与 Windows Vista 的用户帐户控制(UAC)功能相关的设置。默认情况下，当运行在启用了 UAC 的 Windows Vista 上时，此应用程序被标记为以与启动它的进程相同的权限运行。此标记还禁止应用程序以虚拟化方式运行。您可以从此项目的属性页中更改与 UAC 相关的设置。">
</Event><Event ErrorLevel="0" Project="lib.ids" Source="lib.ids\lib.ids.vcproj" Description="项目升级成功。">
</Event><Event ErrorLevel="3" Project="lib.ids" Source="lib.ids\lib.ids.vcproj" Description="Converted">
</Event><Event ErrorLevel="1" Project="lib.wcpp.calls" Source="lib.wcpp.calls\lib.wcpp.calls.vcproj" Description="此应用程序已更新，包含了与 Windows Vista 的用户帐户控制(UAC)功能相关的设置。默认情况下，当运行在启用了 UAC 的 Windows Vista 上时，此应用程序被标记为以与启动它的进程相同的权限运行。此标记还禁止应用程序以虚拟化方式运行。您可以从此项目的属性页中更改与 UAC 相关的设置。">
</Event><Event ErrorLevel="0" Project="lib.wcpp.calls" Source="lib.wcpp.calls\lib.wcpp.calls.vcproj" Description="项目升级成功。">
</Event><Event ErrorLevel="3" Project="lib.wcpp.calls" Source="lib.wcpp.calls\lib.wcpp.calls.vcproj" Description="Converted">
</Event><Event ErrorLevel="1" Project="lib.wcpp.io" Source="lib.wcpp.io\lib.wcpp.io.vcproj" Description="此应用程序已更新，包含了与 Windows Vista 的用户帐户控制(UAC)功能相关的设置。默认情况下，当运行在启用了 UAC 的 Windows Vista 上时，此应用程序被标记为以与启动它的进程相同的权限运行。此标记还禁止应用程序以虚拟化方式运行。您可以从此项目的属性页中更改与 UAC 相关的设置。">
</Event><Event ErrorLevel="0" Project="lib.wcpp.io" Source="lib.wcpp.io\lib.wcpp.io.vcproj" Description="项目升级成功。">
</Event><Event ErrorLevel="3" Project="lib.wcpp.io" Source="lib.wcpp.io\lib.wcpp.io.vcproj" Description="Converted">
</Event><Event ErrorLevel="1" Project="lib.wcpp.lang" Source="lib.wcpp.lang\lib.wcpp.lang.vcproj" Description="此应用程序已更新，包含了与 Windows Vista 的用户帐户控制(UAC)功能相关的设置。默认情况下，当运行在启用了 UAC 的 Windows Vista 上时，此应用程序被标记为以与启动它的进程相同的权限运行。此标记还禁止应用程序以虚拟化方式运行。您可以从此项目的属性页中更改与 UAC 相关的设置。">
</Event><Event ErrorLevel="0" Project="lib.wcpp.lang" Source="lib.wcpp.lang\lib.wcpp.lang.vcproj" Description="项目升级成功。">
</Event><Event ErrorLevel="3" Project="lib.wcpp.lang" Source="lib.wcpp.lang\lib.wcpp.lang.vcproj" Description="Converted">
</Event><Event ErrorLevel="1" Project="lib.wcpp.lang.ref" Source="lib.wcpp.lang.ref\lib.wcpp.lang.ref.vcproj" Description="此应用程序已更新，包含了与 Windows Vista 的用户帐户控制(UAC)功能相关的设置。默认情况下，当运行在启用了 UAC 的 Windows Vista 上时，此应用程序被标记为以与启动它的进程相同的权限运行。此标记还禁止应用程序以虚拟化方式运行。您可以从此项目的属性页中更改与 UAC 相关的设置。">
</Event><Event ErrorLevel="0" Project="lib.wcpp.lang.ref" Source="lib.wcpp.lang.ref\lib.wcpp.lang.ref.vcproj" Description="项目升级成功。">
</Event><Event ErrorLevel="3" Project="lib.wcpp.lang.ref" Source="lib.wcpp.lang.ref\lib.wcpp.lang.ref.vcproj" Description="Converted">
</Event><Event ErrorLevel="1" Project="lib.wcpp.lang.service" Source="lib.wcpp.lang.service\lib.wcpp.lang.service.vcproj" Description="此应用程序已更新，包含了与 Windows Vista 的用户帐户控制(UAC)功能相关的设置。默认情况下，当运行在启用了 UAC 的 Windows Vista 上时，此应用程序被标记为以与启动它的进程相同的权限运行。此标记还禁止应用程序以虚拟化方式运行。您可以从此项目的属性页中更改与 UAC 相关的设置。">
</Event><Event ErrorLevel="0" Project="lib.wcpp.lang.service" Source="lib.wcpp.lang.service\lib.wcpp.lang.service.vcproj" Description="项目升级成功。">
</Event><Event ErrorLevel="3" Project="lib.wcpp.lang.service" Source="lib.wcpp.lang.service\lib.wcpp.lang.service.vcproj" Description="Converted">
</Event><Event ErrorLevel="1" Project="lib.wcpp.net" Source="lib.wcpp.net\lib.wcpp.net.vcproj" Description="此应用程序已更新，包含了与 Windows Vista 的用户帐户控制(UAC)功能相关的设置。默认情况下，当运行在启用了 UAC 的 Windows Vista 上时，此应用程序被标记为以与启动它的进程相同的权限运行。此标记还禁止应用程序以虚拟化方式运行。您可以从此项目的属性页中更改与 UAC 相关的设置。">
</Event><Event ErrorLevel="0" Project="lib.wcpp.net" Source="lib.wcpp.net\lib.wcpp.net.vcproj" Description="项目升级成功。">
</Event><Event ErrorLevel="3" Project="lib.wcpp.net" Source="lib.wcpp.net\lib.wcpp.net.vcproj" Description="Converted">
</Event><Event ErrorLevel="1" Project="lib.wcpp.wscom" Source="lib.wcpp.wscom\lib.wcpp.wscom.vcproj" Description="此应用程序已更新，包含了与 Windows Vista 的用户帐户控制(UAC)功能相关的设置。默认情况下，当运行在启用了 UAC 的 Windows Vista 上时，此应用程序被标记为以与启动它的进程相同的权限运行。此标记还禁止应用程序以虚拟化方式运行。您可以从此项目的属性页中更改与 UAC 相关的设置。">
</Event><Event ErrorLevel="0" Project="lib.wcpp.wscom" Source="lib.wcpp.wscom\lib.wcpp.wscom.vcproj" Description="项目升级成功。">
</Event><Event ErrorLevel="3" Project="lib.wcpp.wscom" Source="lib.wcpp.wscom\lib.wcpp.wscom.vcproj" Description="Converted">
</Event><Event ErrorLevel="1" Project="lib.wcpp.wscom.main" Source="lib.wcpp.wscom.main\lib.wcpp.wscom.main.vcproj" Description="此应用程序已更新，包含了与 Windows Vista 的用户帐户控制(UAC)功能相关的设置。默认情况下，当运行在启用了 UAC 的 Windows Vista 上时，此应用程序被标记为以与启动它的进程相同的权限运行。此标记还禁止应用程序以虚拟化方式运行。您可以从此项目的属性页中更改与 UAC 相关的设置。">
</Event><Event ErrorLevel="0" Project="lib.wcpp.wscom.main" Source="lib.wcpp.wscom.main\lib.wcpp.wscom.main.vcproj" Description="项目升级成功。">
</Event><Event ErrorLevel="3" Project="lib.wcpp.wscom.main" Source="lib.wcpp.wscom.main\lib.wcpp.wscom.main.vcproj" Description="Converted">
</Event><Event ErrorLevel="1" Project="lib.wcpp.wscom.sub" Source="lib.wcpp.wscom.sub\lib.wcpp.wscom.sub.vcproj" Description="此应用程序已更新，包含了与 Windows Vista 的用户帐户控制(UAC)功能相关的设置。默认情况下，当运行在启用了 UAC 的 Windows Vista 上时，此应用程序被标记为以与启动它的进程相同的权限运行。此标记还禁止应用程序以虚拟化方式运行。您可以从此项目的属性页中更改与 UAC 相关的设置。">
</Event><Event ErrorLevel="0" Project="lib.wcpp.wscom.sub" Source="lib.wcpp.wscom.sub\lib.wcpp.wscom.sub.vcproj" Description="项目升级成功。">
</Event><Event ErrorLevel="3" Project="lib.wcpp.wscom.sub" Source="lib.wcpp.wscom.sub\lib.wcpp.wscom.sub.vcproj" Description="Converted">
</Event><Event ErrorLevel="1" Project="lib.wcpp.wsdbg" Source="lib.wcpp.wsdbg\lib.wcpp.wsdbg.vcproj" Description="此应用程序已更新，包含了与 Windows Vista 的用户帐户控制(UAC)功能相关的设置。默认情况下，当运行在启用了 UAC 的 Windows Vista 上时，此应用程序被标记为以与启动它的进程相同的权限运行。此标记还禁止应用程序以虚拟化方式运行。您可以从此项目的属性页中更改与 UAC 相关的设置。">
</Event><Event ErrorLevel="0" Project="lib.wcpp.wsdbg" Source="lib.wcpp.wsdbg\lib.wcpp.wsdbg.vcproj" Description="项目升级成功。">
</Event><Event ErrorLevel="3" Project="lib.wcpp.wsdbg" Source="lib.wcpp.wsdbg\lib.wcpp.wsdbg.vcproj" Description="Converted">
</Event><Event ErrorLevel="1" Project="lib.wcpp.wspr" Source="lib.wcpp.wspr\lib.wcpp.wspr.vcproj" Description="此应用程序已更新，包含了与 Windows Vista 的用户帐户控制(UAC)功能相关的设置。默认情况下，当运行在启用了 UAC 的 Windows Vista 上时，此应用程序被标记为以与启动它的进程相同的权限运行。此标记还禁止应用程序以虚拟化方式运行。您可以从此项目的属性页中更改与 UAC 相关的设置。">
</Event><Event ErrorLevel="0" Project="lib.wcpp.wspr" Source="lib.wcpp.wspr\lib.wcpp.wspr.vcproj" Description="项目升级成功。">
</Event><Event ErrorLevel="3" Project="lib.wcpp.wspr" Source="lib.wcpp.wspr\lib.wcpp.wspr.vcproj" Description="Converted">
</Event><Event ErrorLevel="1" Project="test.utest" Source="test.utest\test.utest.vcproj" Description="此应用程序已更新，包含了与 Windows Vista 的用户帐户控制(UAC)功能相关的设置。默认情况下，当运行在启用了 UAC 的 Windows Vista 上时，此应用程序被标记为以与启动它的进程相同的权限运行。此标记还禁止应用程序以虚拟化方式运行。您可以从此项目的属性页中更改与 UAC 相关的设置。">
</Event><Event ErrorLevel="0" Project="test.utest" Source="test.utest\test.utest.vcproj" Description="项目升级成功。">
</Event><Event ErrorLevel="3" Project="test.utest" Source="test.utest\test.utest.vcproj" Description="Converted">
</Event><Event ErrorLevel="0" Project="test.utest.win32" Source="test.utest.win32\test.utest.win32.vcproj" Description="已不再支持对本地 IIS 服务器的 Web 部署。Web 部署生成工具已从项目设置中删除。">
</Event><Event ErrorLevel="1" Project="test.utest.win32" Source="test.utest.win32\test.utest.win32.vcproj" Description="此应用程序已更新，包含了与 Windows Vista 的用户帐户控制(UAC)功能相关的设置。默认情况下，当运行在启用了 UAC 的 Windows Vista 上时，此应用程序被标记为以与启动它的进程相同的权限运行。此标记还禁止应用程序以虚拟化方式运行。您可以从此项目的属性页中更改与 UAC 相关的设置。">
</Event><Event ErrorLevel="0" Project="test.utest.win32" Source="test.utest.win32\test.utest.win32.vcproj" Description="项目升级成功。">
</Event><Event ErrorLevel="3" Project="test.utest.win32" Source="test.utest.win32\test.utest.win32.vcproj" Description="Converted">
</Event><Event ErrorLevel="1" Project="lib.net.worldscale.pimap" Source="lib.net.worldscale.pimap\lib.net.worldscale.pimap.vcproj" Description="此应用程序已更新，包含了与 Windows Vista 的用户帐户控制(UAC)功能相关的设置。默认情况下，当运行在启用了 UAC 的 Windows Vista 上时，此应用程序被标记为以与启动它的进程相同的权限运行。此标记还禁止应用程序以虚拟化方式运行。您可以从此项目的属性页中更改与 UAC 相关的设置。">
</Event><Event ErrorLevel="0" Project="lib.net.worldscale.pimap" Source="lib.net.worldscale.pimap\lib.net.worldscale.pimap.vcproj" Description="项目升级成功。">
</Event><Event ErrorLevel="3" Project="lib.net.worldscale.pimap" Source="lib.net.worldscale.pimap\lib.net.worldscale.pimap.vcproj" Description="Converted">
</Event><Event ErrorLevel="1" Project="lib.net.worldscale.pimap.client" Source="lib.net.worldscale.pimap.client\lib.net.worldscale.pimap.client.vcproj" Description="此应用程序已更新，包含了与 Windows Vista 的用户帐户控制(UAC)功能相关的设置。默认情况下，当运行在启用了 UAC 的 Windows Vista 上时，此应用程序被标记为以与启动它的进程相同的权限运行。此标记还禁止应用程序以虚拟化方式运行。您可以从此项目的属性页中更改与 UAC 相关的设置。">
</Event><Event ErrorLevel="0" Project="lib.net.worldscale.pimap.client" Source="lib.net.worldscale.pimap.client\lib.net.worldscale.pimap.client.vcproj" Description="项目升级成功。">
</Event><Event ErrorLevel="3" Project="lib.net.worldscale.pimap.client" Source="lib.net.worldscale.pimap.client\lib.net.worldscale.pimap.client.vcproj" Description="Converted">
</Event><Event ErrorLevel="1" Project="lib.net.worldscale.pimap.server" Source="lib.net.worldscale.pimap.server\lib.net.worldscale.pimap.server.vcproj" Description="此应用程序已更新，包含了与 Windows Vista 的用户帐户控制(UAC)功能相关的设置。默认情况下，当运行在启用了 UAC 的 Windows Vista 上时，此应用程序被标记为以与启动它的进程相同的权限运行。此标记还禁止应用程序以虚拟化方式运行。您可以从此项目的属性页中更改与 UAC 相关的设置。">
</Event><Event ErrorLevel="0" Project="lib.net.worldscale.pimap.server" Source="lib.net.worldscale.pimap.server\lib.net.worldscale.pimap.server.vcproj" Description="项目升级成功。">
</Event><Event ErrorLevel="3" Project="lib.net.worldscale.pimap.server" Source="lib.net.worldscale.pimap.server\lib.net.worldscale.pimap.server.vcproj" Description="Converted">
</Event><Event ErrorLevel="0" Project="sub.pimap.win32" Source="sub.pimap.win32\sub.pimap.win32.vcproj" Description="已不再支持对本地 IIS 服务器的 Web 部署。Web 部署生成工具已从项目设置中删除。">
</Event><Event ErrorLevel="1" Project="sub.pimap.win32" Source="sub.pimap.win32\sub.pimap.win32.vcproj" Description="此应用程序已更新，包含了与 Windows Vista 的用户帐户控制(UAC)功能相关的设置。默认情况下，当运行在启用了 UAC 的 Windows Vista 上时，此应用程序被标记为以与启动它的进程相同的权限运行。此标记还禁止应用程序以虚拟化方式运行。您可以从此项目的属性页中更改与 UAC 相关的设置。">
</Event><Event ErrorLevel="0" Project="sub.pimap.win32" Source="sub.pimap.win32\sub.pimap.win32.vcproj" Description="项目升级成功。">
</Event><Event ErrorLevel="3" Project="sub.pimap.win32" Source="sub.pimap.win32\sub.pimap.win32.vcproj" Description="Converted">
</Event><Event ErrorLevel="1" Project="sub.pimap" Source="sub.pimap\sub.pimap.vcproj" Description="此应用程序已更新，包含了与 Windows Vista 的用户帐户控制(UAC)功能相关的设置。默认情况下，当运行在启用了 UAC 的 Windows Vista 上时，此应用程序被标记为以与启动它的进程相同的权限运行。此标记还禁止应用程序以虚拟化方式运行。您可以从此项目的属性页中更改与 UAC 相关的设置。">
</Event><Event ErrorLevel="0" Project="sub.pimap" Source="sub.pimap\sub.pimap.vcproj" Description="项目升级成功。">
</Event><Event ErrorLevel="3" Project="sub.pimap" Source="sub.pimap\sub.pimap.vcproj" Description="Converted">
</Event><Event ErrorLevel="1" Project="sub.network" Source="sub.network\sub.network.vcproj" Description="此应用程序已更新，包含了与 Windows Vista 的用户帐户控制(UAC)功能相关的设置。默认情况下，当运行在启用了 UAC 的 Windows Vista 上时，此应用程序被标记为以与启动它的进程相同的权限运行。此标记还禁止应用程序以虚拟化方式运行。您可以从此项目的属性页中更改与 UAC 相关的设置。">
</Event><Event ErrorLevel="0" Project="sub.network" Source="sub.network\sub.network.vcproj" Description="项目升级成功。">
</Event><Event ErrorLevel="3" Project="sub.network" Source="sub.network\sub.network.vcproj" Description="Converted">
</Event><Event ErrorLevel="0" Project="sub.network.win32" Source="sub.network.win32\sub.network.win32.vcproj" Description="已不再支持对本地 IIS 服务器的 Web 部署。Web 部署生成工具已从项目设置中删除。">
</Event><Event ErrorLevel="1" Project="sub.network.win32" Source="sub.network.win32\sub.network.win32.vcproj" Description="此应用程序已更新，包含了与 Windows Vista 的用户帐户控制(UAC)功能相关的设置。默认情况下，当运行在启用了 UAC 的 Windows Vista 上时，此应用程序被标记为以与启动它的进程相同的权限运行。此标记还禁止应用程序以虚拟化方式运行。您可以从此项目的属性页中更改与 UAC 相关的设置。">
</Event><Event ErrorLevel="0" Project="sub.network.win32" Source="sub.network.win32\sub.network.win32.vcproj" Description="项目升级成功。">
</Event><Event ErrorLevel="3" Project="sub.network.win32" Source="sub.network.win32\sub.network.win32.vcproj" Description="Converted">
</Event><Event ErrorLevel="0" Project="" Source="wcpp_vc9_projects.sln" Description="成功转换解决方案">
</Event><Event ErrorLevel="3" Project="" Source="wcpp_vc9_projects.sln" Description="Converted">
</Event></UpgradeLog>